Name,Area Average
Layer 1,266.8787
Layer 2,243.82481
Layer 3,310.57022
